Series Name,Series Code,Country Name,Country Code,1990 [YR1990],2000 [YR2000],2016 [YR2016],2017 [YR2017],2018 [YR2018],2019 [YR2019],2020 [YR2020],2021 [YR2021],2022 [YR2022],2023 [YR2023],2024 [YR2024],2025 [YR2025]
GDP per person employed (constant 2021 PPP $),SL.GDP.PCAP.EM.KD,Afghanistan,AFG,..,7548.716782,12858.09105,12864.5667,13031.19582,13572.91114,13526.93964,10677.64542,10863.25179,10810.38195,..,..
GDP per person employed (constant 2021 PPP $),SL.GDP.PCAP.EM.KD,Albania,ALB,..,18881.59858,37112.30834,37478.07641,37926.89546,38164.77312,38038.30765,41715.46557,42236.10851,43262.92727,45524.54547,..
GDP per person employed (constant 2021 PPP $),SL.GDP.PCAP.EM.KD,Algeria,DZA,..,56070.78611,57878.29477,59126.90921,59274.74436,59207.3848,62792.57148,63250.67481,58367.79064,59596.42611,61189.05736,..
GDP per person employed (constant 2021 PPP $),SL.GDP.PCAP.EM.KD,American Samoa,ASM,..,..,..,..,..,..,..,..,..,..,..,..
GDP per person employed (constant 2021 PPP $),SL.GDP.PCAP.EM.KD,Andorra,AND,..,..,..,..,..,..,..,..,..,..,..,..
GDP per person employed (constant 2021 PPP $),SL.GDP.PCAP.EM.KD,Angola,AGO,..,19381.00034,31187.47187,30171.6575,29053.3349,28059.95339,26682.7934,25015.85589,25072.6,24631.96462,24845.81377,..
GDP per person employed (constant 2021 PPP $),SL.GDP.PCAP.EM.KD,Antigua and Barbuda,ATG,..,..,..,..,..,..,..,..,..,..,..,..
GDP per person employed (constant 2021 PPP $),SL.GDP.PCAP.EM.KD,Argentina,ARG,..,58560.15295,68105.40264,69702.68519,66888.04929,64545.66909,63088.84226,62199.20993,62861.78464,59860.60868,59453.73823,..
GDP per person employed (constant 2021 PPP $),SL.GDP.PCAP.EM.KD,Armenia,ARM,..,11266.13569,32604.82148,35409.42918,38036.52199,42384.99272,37618.04979,38030.47894,43845.17275,45895.73801,47368.55145,..
GDP per person employed (constant 2021 PPP $),SL.GDP.PCAP.EM.KD,Aruba,ABW,..,..,..,..,..,..,..,..,..,..,..,..
GDP per person employed (constant 2021 PPP $),SL.GDP.PCAP.EM.KD,Australia,AUS,..,95965.53268,113799.9614,113779.722,113928.5263,113842.0223,115508.0417,113808.5318,114008.8608,114664.9018,114528.0433,..
GDP per person employed (constant 2021 PPP $),SL.GDP.PCAP.EM.KD,Austria,AUT,..,115875.0895,126111.1481,127537.9615,128696.2123,129898.6454,123044.0801,129644.8172,132596.3772,130630.577,129651.4032,..
GDP per person employed (constant 2021 PPP $),SL.GDP.PCAP.EM.KD,Azerbaijan,AZE,..,11984.94903,42334.66435,41818.21182,41719.53057,42430.58141,40037.08531,43720.54133,44616.14195,45198.37403,46821.22463,..
GDP per person employed (constant 2021 PPP $),SL.GDP.PCAP.EM.KD,"Bahamas, The",BHS,..,69393.82599,62953.56401,62204.98063,63072.19312,61411.89427,54848.90635,62022.17955,62815.13864,63680.11427,65603.59915,..
GDP per person employed (constant 2021 PPP $),SL.GDP.PCAP.EM.KD,Bahrain,BHR,..,127347.6743,95203.29356,93856.93301,96163.9932,100682.7496,98787.31183,100319.7378,102524.9529,102026.1952,103794.3236,..
GDP per person employed (constant 2021 PPP $),SL.GDP.PCAP.EM.KD,Bangladesh,BGD,..,7693.457191,15254.59078,15398.44543,16161.75765,17073.96359,17564.35476,18166.59059,18760.024,19552.11686,20762.81566,..
GDP per person employed (constant 2021 PPP $),SL.GDP.PCAP.EM.KD,Barbados,BRB,..,44357.18579,42581.62691,42771.85367,42182.90949,42654.69428,38345.19136,38796.92705,41549.42517,42518.0746,43410.04232,..
GDP per person employed (constant 2021 PPP $),SL.GDP.PCAP.EM.KD,Belarus,BLR,..,26390.27703,49068.38855,50333.79484,51697.34272,52419.66001,52451.76259,54118.39006,51749.59672,54328.31656,56813.35644,..
GDP per person employed (constant 2021 PPP $),SL.GDP.PCAP.EM.KD,Belgium,BEL,..,125481.2201,142336.272,142256.6917,141579.4846,142675.5333,136668.1841,143705.6949,145434.1173,146671.434,146630.3938,..
GDP per person employed (constant 2021 PPP $),SL.GDP.PCAP.EM.KD,Belize,BLZ,..,35619.0781,29301.98286,27807.11081,26775.9768,26287.27296,28952.11045,30188.10808,32593.0001,32062.15923,33118.80888,..
GDP per person employed (constant 2021 PPP $),SL.GDP.PCAP.EM.KD,Benin,BEN,..,6527.360632,7202.37123,7331.162601,7525.92043,7742.917188,7856.069889,8053.282605,8266.76711,8527.814916,8897.286858,..
GDP per person employed (constant 2021 PPP $),SL.GDP.PCAP.EM.KD,Bermuda,BMU,..,..,..,..,..,..,..,..,..,..,..,..
GDP per person employed (constant 2021 PPP $),SL.GDP.PCAP.EM.KD,Bhutan,BTN,..,12530.15452,29571.65152,29852.9189,30532.04604,29729.11798,26297.01955,26460.17639,30393.89342,29545.92633,..,..
GDP per person employed (constant 2021 PPP $),SL.GDP.PCAP.EM.KD,Bolivia,BOL,..,17666.70584,26005.32072,26123.04177,25166.01671,24312.53733,22404.88686,21923.16358,21896.13469,21876.51246,21296.23523,..
GDP per person employed (constant 2021 PPP $),SL.GDP.PCAP.EM.KD,Bosnia and Herzegovina,BIH,..,24818.36058,46787.13674,46042.39871,47321.1338,47957.21821,48515.11494,52049.67363,52227.70621,51686.2428,53676.47583,..
GDP per person employed (constant 2021 PPP $),SL.GDP.PCAP.EM.KD,Botswana,BWA,..,43412.2092,50976.76236,52098.77152,52975.44883,53491.73757,50122.86969,54141.69069,55903.10103,53442.77159,50958.19576,..
GDP per person employed (constant 2021 PPP $),SL.GDP.PCAP.EM.KD,Brazil,BRA,..,34062.02588,39749.32151,40207.02538,40287.82074,39945.50864,41893.32373,41904.83152,40322.92125,41147.69338,41441.0406,..
GDP per person employed (constant 2021 PPP $),SL.GDP.PCAP.EM.KD,British Virgin Islands,VGB,..,..,..,..,..,..,..,..,..,..,..,..
GDP per person employed (constant 2021 PPP $),SL.GDP.PCAP.EM.KD,Brunei Darussalam,BRN,..,222779.9108,171508.7753,172851.5247,165771.5898,169846.4479,172926.2611,163716.8188,159454.947,158246.4775,163274.3609,..
GDP per person employed (constant 2021 PPP $),SL.GDP.PCAP.EM.KD,Bulgaria,BGR,..,35600.73386,60519.0099,59817.2104,61624.09988,62694.24536,62815.2683,68917.57183,69787.21553,71090.25675,74220.90739,..
GDP per person employed (constant 2021 PPP $),SL.GDP.PCAP.EM.KD,Burkina Faso,BFA,..,3346.449815,5290.997548,5461.630616,5659.924452,5813.152009,5931.605383,6231.15162,6223.529033,6289.321529,6470.85224,..
GDP per person employed (constant 2021 PPP $),SL.GDP.PCAP.EM.KD,Burundi,BDI,..,2494.972592,2449.269895,2487.274777,2532.02366,2546.355602,2499.792031,2475.742885,2435.845204,2428.878893,2444.227457,..
GDP per person employed (constant 2021 PPP $),SL.GDP.PCAP.EM.KD,Cabo Verde,CPV,..,15289.6836,21195.42449,22146.96401,24408.24034,25206.77046,22084.27484,22885.80425,24209.53537,24900.61564,26322.16413,..
GDP per person employed (constant 2021 PPP $),SL.GDP.PCAP.EM.KD,Cambodia,KHM,..,4190.721975,9550.827826,10144.05318,10802.02771,11406.46179,10831.4793,11356.78018,11306.14078,11663.23627,12150.18308,..
GDP per person employed (constant 2021 PPP $),SL.GDP.PCAP.EM.KD,Cameroon,CMR,..,9157.12252,12354.69666,12591.02953,12888.61886,13118.16124,13085.36709,13249.78446,13230.21224,13247.84193,13292.68348,..
GDP per person employed (constant 2021 PPP $),SL.GDP.PCAP.EM.KD,Canada,CAN,..,98476.48074,108776.0545,109696.8968,110704.6997,110430.506,111042.8711,112202.1654,111740.9795,109849.074,110184.2327,..
GDP per person employed (constant 2021 PPP $),SL.GDP.PCAP.EM.KD,Cayman Islands,CYM,..,..,..,..,..,..,..,..,..,..,..,..
GDP per person employed (constant 2021 PPP $),SL.GDP.PCAP.EM.KD,Central African Republic,CAF,..,3335.694138,3044.480959,3132.064457,3194.822034,3251.551697,3272.299349,3265.924875,3253.11826,3234.628016,3165.777931,..
GDP per person employed (constant 2021 PPP $),SL.GDP.PCAP.EM.KD,Chad,TCD,..,4291.157674,8437.569874,8086.937033,8317.911282,8466.420756,8274.366121,7965.472917,7874.769692,7733.365767,7586.528555,..
GDP per person employed (constant 2021 PPP $),SL.GDP.PCAP.EM.KD,Channel Islands,CHI,..,..,..,..,..,..,..,..,..,..,..,..
GDP per person employed (constant 2021 PPP $),SL.GDP.PCAP.EM.KD,Chile,CHL,..,47850.12733,59992.14782,59228.26799,60250.57178,59490.61612,64093.56951,68026.39443,65161.27481,63928.45625,63924.42897,..
GDP per person employed (constant 2021 PPP $),SL.GDP.PCAP.EM.KD,China,CHN,..,7507.977729,29368.91593,31434.1717,33601.39284,35777.21532,37511.35718,39480.60308,41490.23189,43341.41854,45841.79636,..
GDP per person employed (constant 2021 PPP $),SL.GDP.PCAP.EM.KD,Colombia,COL,..,29797.69902,36943.64038,36903.56253,37412.44441,38575.72026,38004.12236,39876.7886,41331.83491,40177.98828,40362.51202,..
GDP per person employed (constant 2021 PPP $),SL.GDP.PCAP.EM.KD,Comoros,COM,..,13526.70802,12101.10089,11854.45449,11603.74162,11174.45765,10711.44388,10325.09614,10236.77252,10293.77567,10396.06976,..
GDP per person employed (constant 2021 PPP $),SL.GDP.PCAP.EM.KD,"Congo, Dem. Rep.",COD,..,2574.084731,4136.286802,4170.707567,4298.487125,4209.393662,4201.787268,4317.43026,4483.15261,4701.623971,4822.003154,..
GDP per person employed (constant 2021 PPP $),SL.GDP.PCAP.EM.KD,"Congo, Rep.",COG,..,24056.4652,25424.19272,23566.29918,22486.38838,22069.28798,21607.69872,20957.55389,19464.93607,19202.40147,19097.99505,..
GDP per person employed (constant 2021 PPP $),SL.GDP.PCAP.EM.KD,Costa Rica,CRI,..,36422.82955,51317.46776,52358.30074,51737.97125,51683.90072,55308.77303,57095.78199,56811.39635,61814.24331,61875.02314,..
GDP per person employed (constant 2021 PPP $),SL.GDP.PCAP.EM.KD,Cote d'Ivoire,CIV,..,14390.16075,14077.12743,15083.63513,15487.81891,16182.29964,15835.35946,16154.72936,16390.31097,16924.85394,17398.98786,..
GDP per person employed (constant 2021 PPP $),SL.GDP.PCAP.EM.KD,Croatia,HRV,..,58038.22102,81081.333,82867.63263,84548.92305,86452.7828,80464.46795,89589.36444,95065.0183,98096.72694,100036.0937,..
GDP per person employed (constant 2021 PPP $),SL.GDP.PCAP.EM.KD,Cuba,CUB,..,..,..,..,..,..,..,..,..,..,..,..
GDP per person employed (constant 2021 PPP $),SL.GDP.PCAP.EM.KD,Curacao,CUW,..,..,..,..,..,..,..,..,..,..,..,..
GDP per person employed (constant 2021 PPP $),SL.GDP.PCAP.EM.KD,Cyprus,CYP,..,59212.1793,59361.39956,60040.21147,60210.11299,61358.84731,59408.92147,64554.10437,67503.28009,68217.93408,70318.19425,..
GDP per person employed (constant 2021 PPP $),SL.GDP.PCAP.EM.KD,Czechia,CZE,..,63908.05622,88651.415,91774.59061,93149.93849,96427.38358,92703.33357,98551.08439,98358.33884,95792.83541,96011.89303,..
GDP per person employed (constant 2021 PPP $),SL.GDP.PCAP.EM.KD,Denmark,DNK,..,113114.6323,132115.4295,134703.7728,135156.2101,135435.7845,133966.2152,139792.0429,136344.0434,136292.3693,137639.6853,..
GDP per person employed (constant 2021 PPP $),SL.GDP.PCAP.EM.KD,Djibouti,DJI,..,..,32714.9835,33826.0114,34780.26196,36028.19842,36783.98933,37279.49335,37686.213,39356.20228,41264.45466,..
GDP per person employed (constant 2021 PPP $),SL.GDP.PCAP.EM.KD,Dominica,DMA,..,..,..,..,..,..,..,..,..,..,..,..
GDP per person employed (constant 2021 PPP $),SL.GDP.PCAP.EM.KD,Dominican Republic,DOM,..,30768.92911,46036.80887,46447.93303,47946.28533,48767.78712,47694.87417,52122.14892,52845.47792,52472.02586,53911.11231,..
GDP per person employed (constant 2021 PPP $),SL.GDP.PCAP.EM.KD,Ecuador,ECU,..,23529.58944,29435.04601,30027.88997,30166.47451,29791.51777,29987.41796,29089.95199,30047.87837,30735.59167,29604.53086,..
GDP per person employed (constant 2021 PPP $),SL.GDP.PCAP.EM.KD,"Egypt, Arab Rep.",EGY,..,37623.06755,51041.08958,53638.5056,56226.18228,58323.0268,60089.45678,58608.20123,60860.87305,59309.61924,59440.80821,..
GDP per person employed (constant 2021 PPP $),SL.GDP.PCAP.EM.KD,El Salvador,SLV,..,20949.61755,24185.47758,24599.74971,25035.77475,25056.09737,24506.27023,25801.76869,25572.56875,25579.75034,25908.04647,..
GDP per person employed (constant 2021 PPP $),SL.GDP.PCAP.EM.KD,Equatorial Guinea,GNQ,..,35981.49213,70187.98428,63789.49094,57701.2979,52784.18503,52830.23736,51454.71371,48486.40051,44718.84732,44117.91807,..
GDP per person employed (constant 2021 PPP $),SL.GDP.PCAP.EM.KD,Eritrea,ERI,..,..,..,..,..,..,..,..,..,..,..,..
GDP per person employed (constant 2021 PPP $),SL.GDP.PCAP.EM.KD,Estonia,EST,..,48833.5794,76614.46018,79264.27996,81327.4144,83770.98919,83490.36182,89268.09673,83737.03435,79997.64332,80735.32054,..
GDP per person employed (constant 2021 PPP $),SL.GDP.PCAP.EM.KD,Eswatini,SWZ,..,26952.59109,37396.32742,39336.24869,40000.28428,43177.596,44752.83905,46468.66084,46911.91053,45827.62464,46542.53389,..
GDP per person employed (constant 2021 PPP $),SL.GDP.PCAP.EM.KD,Ethiopia,ETH,..,1957.948952,4855.524897,5245.997472,5536.305971,5933.423594,6343.721071,6586.675465,6657.887032,6876.15639,7172.665808,..
GDP per person employed (constant 2021 PPP $),SL.GDP.PCAP.EM.KD,Faroe Islands,FRO,..,..,..,..,..,..,..,..,..,..,..,..
GDP per person employed (constant 2021 PPP $),SL.GDP.PCAP.EM.KD,Fiji,FJI,..,24633.79673,30749.46024,32409.28879,33661.62288,33442.86895,29414.19786,27779.37588,31023.00005,33550.54724,34428.34973,..
GDP per person employed (constant 2021 PPP $),SL.GDP.PCAP.EM.KD,Finland,FIN,..,105161.5381,120803.4678,123870.3749,121926.5128,122535.0184,121064.5306,121651.7901,119431.7927,118155.5617,119913.02,..
GDP per person employed (constant 2021 PPP $),SL.GDP.PCAP.EM.KD,France,FRA,..,114079.5395,124907.3299,126319.1924,127060.8634,128928.4454,119633.9856,123998.8709,124988.8567,125877.3939,127331.9633,..
GDP per person employed (constant 2021 PPP $),SL.GDP.PCAP.EM.KD,French Polynesia,PYF,..,..,..,..,..,..,..,..,..,..,..,..
GDP per person employed (constant 2021 PPP $),SL.GDP.PCAP.EM.KD,Gabon,GAB,..,92810.77924,77719.08527,75864.41854,74470.59755,75293.55462,78445.56139,76713.20176,71821.11908,71810.85204,72658.88446,..
GDP per person employed (constant 2021 PPP $),SL.GDP.PCAP.EM.KD,"Gambia, The",GMB,..,11440.90168,9759.861004,9813.823812,10107.4743,10474.58569,10386.74807,10650.79604,10888.08779,11244.32009,11518.17585,..
GDP per person employed (constant 2021 PPP $),SL.GDP.PCAP.EM.KD,Georgia,GEO,..,11141.12483,34990.98069,35926.43781,38834.77664,41265.32264,38524.84671,44589.94952,47270.71603,50507.31801,55209.44843,..
GDP per person employed (constant 2021 PPP $),SL.GDP.PCAP.EM.KD,Germany,DEU,..,110738.5893,120306.5753,122479.5744,122737.0888,122616.6801,120091.5303,124673.8576,125524.7822,123751.0821,123471.8476,..
GDP per person employed (constant 2021 PPP $),SL.GDP.PCAP.EM.KD,Ghana,GHA,..,8879.690897,14263.42814,14996.71909,15873.67386,16875.1361,17123.61013,17906.61417,18467.09994,18586.62217,19154.87545,..
GDP per person employed (constant 2021 PPP $),SL.GDP.PCAP.EM.KD,Gibraltar,GIB,..,..,..,..,..,..,..,..,..,..,..,..
GDP per person employed (constant 2021 PPP $),SL.GDP.PCAP.EM.KD,Greece,GRC,..,81759.356,94012.20419,93242.60733,93072.97589,92661.45174,84377.67076,90794.82603,91638.30968,92145.88975,91704.63612,..
GDP per person employed (constant 2021 PPP $),SL.GDP.PCAP.EM.KD,Greenland,GRL,..,..,..,..,..,..,..,..,..,..,..,..
GDP per person employed (constant 2021 PPP $),SL.GDP.PCAP.EM.KD,Grenada,GRD,..,..,..,..,..,..,..,..,..,..,..,..
GDP per person employed (constant 2021 PPP $),SL.GDP.PCAP.EM.KD,Guam,GUM,..,..,..,..,..,..,..,..,..,..,..,..
GDP per person employed (constant 2021 PPP $),SL.GDP.PCAP.EM.KD,Guatemala,GTM,..,23857.37579,28684.28029,28646.28581,29064.2027,30181.04229,29401.68025,28780.55487,30913.10456,31363.53918,31773.96156,..
GDP per person employed (constant 2021 PPP $),SL.GDP.PCAP.EM.KD,Guinea,GIN,..,6981.93732,10424.77356,11294.48295,11816.50022,12298.24247,12748.3065,12976.68019,12957.06533,13265.94798,13569.42287,..
GDP per person employed (constant 2021 PPP $),SL.GDP.PCAP.EM.KD,Guinea-Bissau,GNB,..,5784.808554,6468.273729,6577.157054,6636.789955,6814.553747,6804.892125,6815.089646,6841.209768,7027.376387,7111.825385,..
GDP per person employed (constant 2021 PPP $),SL.GDP.PCAP.EM.KD,Guyana,GUY,..,25117.14004,36811.60642,38033.6819,38213.02497,41904.26226,63456.08746,74112.98122,110338.4215,144808.5546,204862.1524,..
GDP per person employed (constant 2021 PPP $),SL.GDP.PCAP.EM.KD,Haiti,HTI,..,9545.445322,9199.175752,9252.089783,9234.290168,8945.175101,8732.602481,8343.788492,8111.381198,7857.47072,7475.079295,..
GDP per person employed (constant 2021 PPP $),SL.GDP.PCAP.EM.KD,Honduras,HND,..,13005.14075,15268.92565,15128.78037,14827.19776,15608.47164,15600.18718,16374.28836,17308.18118,17666.31426,17639.33008,..
GDP per person employed (constant 2021 PPP $),SL.GDP.PCAP.EM.KD,"Hong Kong SAR, China",HKG,..,83159.3833,123445.279,126739.1849,128537.3361,126827.8888,124435.1445,133018.796,129856.6477,129942.3323,134063.9427,..
GDP per person employed (constant 2021 PPP $),SL.GDP.PCAP.EM.KD,Hungary,HUN,..,55641.19589,69667.1435,71409.38343,74593.75278,78041.48821,75538.41256,80222.84954,82350.8736,81141.93165,82049.74424,..
GDP per person employed (constant 2021 PPP $),SL.GDP.PCAP.EM.KD,Iceland,ISL,..,84230.67963,105715.9583,106885.9399,109666.7955,109395.6097,105377.4045,109745.8346,111802.1279,115266.5489,112976.8365,..
GDP per person employed (constant 2021 PPP $),SL.GDP.PCAP.EM.KD,India,IND,..,8662.443882,19847.63863,20870.18375,21902.46574,22173.16645,21151.78928,22095.29914,22614.73408,23679.83333,24430.11796,..
GDP per person employed (constant 2021 PPP $),SL.GDP.PCAP.EM.KD,Indonesia,IDN,..,13753.38389,24358.59881,24981.54896,25734.2243,26237.97265,25884.27877,27058.28349,27580.80215,28184.30351,29216.717,..
GDP per person employed (constant 2021 PPP $),SL.GDP.PCAP.EM.KD,"Iran, Islamic Rep.",IRN,..,44963.73007,55368.13027,54719.85379,51842.68692,49633.37788,54023.78295,55804.38094,57844.64328,57914.83421,59472.05912,..
GDP per person employed (constant 2021 PPP $),SL.GDP.PCAP.EM.KD,Iraq,IRQ,..,58255.62864,65120.47268,65649.73721,66758.15848,70116.12024,61428.30535,61825.42499,61342.98675,59477.15554,57001.62899,..
GDP per person employed (constant 2021 PPP $),SL.GDP.PCAP.EM.KD,Ireland,IRL,..,111436.3913,180267.4743,192445.9989,200807.5906,204448.486,221355.0696,244977.244,248482.4169,229644.3782,234912.8103,..
GDP per person employed (constant 2021 PPP $),SL.GDP.PCAP.EM.KD,Isle of Man,IMN,..,..,..,..,..,..,..,..,..,..,..,..
GDP per person employed (constant 2021 PPP $),SL.GDP.PCAP.EM.KD,Israel,ISR,..,85093.50066,93527.55085,95341.86077,97067.50557,99127.41337,98141.98128,106291.2426,106857.282,104448.6343,103283.7079,..
GDP per person employed (constant 2021 PPP $),SL.GDP.PCAP.EM.KD,Italy,ITA,..,137760.0135,127855.9034,128328.0675,127537.4261,127844.9627,119219.5091,130053.4562,132513.1388,130817.5459,130388.0658,..
GDP per person employed (constant 2021 PPP $),SL.GDP.PCAP.EM.KD,Jamaica,JAM,..,23294.45623,22239.51252,21980.90013,21942.24965,21553.08243,20543.46375,20945.63151,21263.52459,20923.48966,20740.56777,..
GDP per person employed (constant 2021 PPP $),SL.GDP.PCAP.EM.KD,Japan,JPN,..,76595.17017,86240.91,86700.15361,85515.46895,84299.25242,81349.26928,83620.40255,83825.89647,84722.5219,84353.79095,..
GDP per person employed (constant 2021 PPP $),SL.GDP.PCAP.EM.KD,Jordan,JOR,..,39672.5246,43117.19253,43034.34275,43863.26325,42641.96379,41630.03673,43813.74105,43116.03826,40773.85206,41201.04618,..
GDP per person employed (constant 2021 PPP $),SL.GDP.PCAP.EM.KD,Kazakhstan,KAZ,..,28873.98686,64036.00306,66043.95514,68057.45632,70309.86343,68707.88496,71330.22558,71292.61516,73513.36922,75823.72924,..
GDP per person employed (constant 2021 PPP $),SL.GDP.PCAP.EM.KD,Kenya,KEN,..,9893.015674,11274.66461,11781.36769,12558.14783,13354.33672,13155.64017,13686.68184,13910.86779,14258.97618,14523.16539,..
GDP per person employed (constant 2021 PPP $),SL.GDP.PCAP.EM.KD,Kiribati,KIR,..,..,..,..,..,..,..,..,..,..,..,..
GDP per person employed (constant 2021 PPP $),SL.GDP.PCAP.EM.KD,"Korea, Dem. People's Rep.",PRK,..,..,..,..,..,..,..,..,..,..,..,..
GDP per person employed (constant 2021 PPP $),SL.GDP.PCAP.EM.KD,"Korea, Rep.",KOR,..,57329.61583,88154.25427,90163.50464,92692.62224,93750.54606,93905.86527,97284.84289,96960.03056,97026.60072,98258.57414,..
GDP per person employed (constant 2021 PPP $),SL.GDP.PCAP.EM.KD,Kosovo,XKX,..,..,..,..,..,..,..,..,..,..,..,..
GDP per person employed (constant 2021 PPP $),SL.GDP.PCAP.EM.KD,Kuwait,KWT,..,131160.3378,102106.7647,92692.24294,90914.21525,90447.39398,93131.3236,92549.16378,87405.50101,81036.90973,78380.22864,..
GDP per person employed (constant 2021 PPP $),SL.GDP.PCAP.EM.KD,Kyrgyz Republic,KGZ,..,8563.104653,14841.1749,15900.71356,15763.71751,16229.08793,15305.21795,15294.63374,16240.3112,17780.31563,18782.88983,..
GDP per person employed (constant 2021 PPP $),SL.GDP.PCAP.EM.KD,Lao PDR,LAO,..,8438.628752,18038.81982,19048.41861,19370.09744,19562.92498,19029.64915,18580.86832,18166.65899,18488.94366,18893.05121,..
GDP per person employed (constant 2021 PPP $),SL.GDP.PCAP.EM.KD,Latvia,LVA,..,36696.73169,68654.11043,70601.6924,72655.90849,73185.29698,72011.4662,79090.39583,79009.00006,77515.04832,78505.01863,..
GDP per person employed (constant 2021 PPP $),SL.GDP.PCAP.EM.KD,Lebanon,LBN,..,42085.72634,49360.60247,51281.59457,51955.66444,50086.97954,42173.3708,40326.46635,40846.15068,39997.74209,..,..
GDP per person employed (constant 2021 PPP $),SL.GDP.PCAP.EM.KD,Lesotho,LSO,..,5270.390267,9349.032499,9141.988083,9088.293393,9051.900383,8417.678745,8506.299386,8309.29393,8298.796063,8393.500493,..
GDP per person employed (constant 2021 PPP $),SL.GDP.PCAP.EM.KD,Liberia,LBR,..,4341.942929,3840.433592,3850.970472,3809.896575,3630.820153,3500.297825,3551.372297,3564.995734,3620.922785,3659.754957,..
GDP per person employed (constant 2021 PPP $),SL.GDP.PCAP.EM.KD,Libya,LBY,..,69372.02115,43090.80147,55683.07002,58775.65879,51362.80427,39107.28207,48825.94163,40701.27041,43924.10569,44389.98835,..
GDP per person employed (constant 2021 PPP $),SL.GDP.PCAP.EM.KD,Liechtenstein,LIE,..,..,..,..,..,..,..,..,..,..,..,..
GDP per person employed (constant 2021 PPP $),SL.GDP.PCAP.EM.KD,Lithuania,LTU,..,38941.57735,77299.38576,80902.19252,83594.76558,87179.73205,88533.64975,93378.02296,93059.66103,92573.93474,94075.17814,..
GDP per person employed (constant 2021 PPP $),SL.GDP.PCAP.EM.KD,Luxembourg,LUX,..,269944.8925,289658.3041,284157.5429,280476.7623,278812.2348,275813.6327,280240.2074,271034.16,264776.514,263863.9052,..
GDP per person employed (constant 2021 PPP $),SL.GDP.PCAP.EM.KD,"Macao SAR, China",MAC,..,118830.7038,202307.5841,225028.8164,235124.791,226560.4735,104108.4848,127203.6995,107508.8144,183557.0748,194417.3983,..
GDP per person employed (constant 2021 PPP $),SL.GDP.PCAP.EM.KD,Madagascar,MDG,..,3835.545473,3354.318304,3389.8579,3402.658963,3456.587911,3169.808011,3211.1169,3221.81086,3254.174403,3292.015637,..
GDP per person employed (constant 2021 PPP $),SL.GDP.PCAP.EM.KD,Malawi,MWI,..,2999.317827,4681.712837,4835.124972,4877.577103,4981.366107,4524.653414,4946.317405,4772.165094,4696.419196,4613.042038,..
GDP per person employed (constant 2021 PPP $),SL.GDP.PCAP.EM.KD,Malaysia,MYS,..,48741.94807,60708.42694,62735.5048,63942.83446,65082.78763,61442.14815,62214.03069,65445.33284,66453.95054,68621.57685,..
GDP per person employed (constant 2021 PPP $),SL.GDP.PCAP.EM.KD,Maldives,MDV,..,42762.52983,46770.93961,46146.334,46316.38578,45944.99098,32795.52321,42346.50844,44197.10673,45956.74325,47349.63051,..
GDP per person employed (constant 2021 PPP $),SL.GDP.PCAP.EM.KD,Mali,MLI,..,5912.513772,7695.144167,7933.081268,8157.913215,8535.506228,8347.454737,8236.966458,8051.316383,8190.811785,8303.470109,..
GDP per person employed (constant 2021 PPP $),SL.GDP.PCAP.EM.KD,Malta,MLT,..,83215.81771,101464.9787,108502.3671,108883.6592,106814.6704,99395.83727,109069.0764,106014.7521,112121.2076,115954.7587,..
GDP per person employed (constant 2021 PPP $),SL.GDP.PCAP.EM.KD,Marshall Islands,MHL,..,..,..,..,..,..,..,..,..,..,..,..
GDP per person employed (constant 2021 PPP $),SL.GDP.PCAP.EM.KD,Mauritania,MRT,..,21693.96015,28199.68186,29422.68303,29918.77398,29917.73388,29427.78024,28615.60254,29170.69313,30037.45382,30832.43273,..
GDP per person employed (constant 2021 PPP $),SL.GDP.PCAP.EM.KD,Mauritius,MUS,..,33879.45246,51713.50242,53144.09701,55274.39637,55991.18794,52271.63496,56372.37806,57024.50529,56330.55444,59341.5045,..
GDP per person employed (constant 2021 PPP $),SL.GDP.PCAP.EM.KD,Mexico,MEX,..,53741.85169,51285.0582,51419.00826,51377.97195,49950.11814,49432.41711,48605.80998,48576.79725,48622.6128,48670.88737,..
GDP per person employed (constant 2021 PPP $),SL.GDP.PCAP.EM.KD,"Micronesia, Fed. Sts.",FSM,..,..,..,..,..,..,..,..,..,..,..,..
GDP per person employed (constant 2021 PPP $),SL.GDP.PCAP.EM.KD,Moldova,MDA,..,13658.59265,22134.66228,24137.17074,26064.60599,26689.55452,24618.98062,27300.29387,26759.45016,28684.81928,28703.57149,..
GDP per person employed (constant 2021 PPP $),SL.GDP.PCAP.EM.KD,Monaco,MCO,..,..,..,..,..,..,..,..,..,..,..,..
GDP per person employed (constant 2021 PPP $),SL.GDP.PCAP.EM.KD,Mongolia,MNG,..,16045.05103,36759.38197,37637.75879,39389.02225,39086.20395,37084.09483,39111.62865,38739.52917,41750.46447,43424.44356,..
GDP per person employed (constant 2021 PPP $),SL.GDP.PCAP.EM.KD,Montenegro,MNE,..,53973.54406,61777.81765,62529.24949,63589.10813,65081.3644,61958.59983,72396.54003,66420.43831,65582.53657,67917.74662,..
GDP per person employed (constant 2021 PPP $),SL.GDP.PCAP.EM.KD,Morocco,MAR,..,17598.64019,27106.10316,28676.08457,28958.92763,29172.66242,28312.27052,29483.30715,29873.595,30376.75809,31193.50364,..
GDP per person employed (constant 2021 PPP $),SL.GDP.PCAP.EM.KD,Mozambique,MOZ,..,1568.692393,3712.503792,3703.100682,3724.856422,3706.236989,3603.33829,3592.986063,3651.444139,3721.205126,3675.081696,..
GDP per person employed (constant 2021 PPP $),SL.GDP.PCAP.EM.KD,Myanmar,MMR,..,2982.25619,12060.70404,12966.67174,13473.71651,14595.49944,13360.49957,13066.7804,13279.65018,13270.64715,13019.13521,..
GDP per person employed (constant 2021 PPP $),SL.GDP.PCAP.EM.KD,Namibia,NAM,..,31148.67175,40291.01872,38579.98302,37630.71991,36365.73396,34721.04234,34703.42068,33615.73814,33951.22216,34278.86044,..
GDP per person employed (constant 2021 PPP $),SL.GDP.PCAP.EM.KD,Nauru,NRU,..,..,..,..,..,..,..,..,..,..,..,..
GDP per person employed (constant 2021 PPP $),SL.GDP.PCAP.EM.KD,Nepal,NPL,..,10711.39992,15492.85738,16806.10561,17991.9244,18741.42652,18423.1505,18559.43838,19029.84234,19335.10525,20041.20536,..
GDP per person employed (constant 2021 PPP $),SL.GDP.PCAP.EM.KD,Netherlands,NLD,..,104553.7606,123421.7189,124543.9246,124493.756,125011.2984,120103.6813,127311.8106,129912.3749,126676.1458,127705.093,..
GDP per person employed (constant 2021 PPP $),SL.GDP.PCAP.EM.KD,New Caledonia,NCL,..,..,..,..,..,..,..,..,..,..,..,..
GDP per person employed (constant 2021 PPP $),SL.GDP.PCAP.EM.KD,New Zealand,NZL,..,76409.60075,86062.89878,85415.59543,86264.12409,87072.81997,85716.21894,87785.39996,89535.39674,88116.34431,89599.97055,..
GDP per person employed (constant 2021 PPP $),SL.GDP.PCAP.EM.KD,Nicaragua,NIC,..,14629.66639,16754.11344,17074.24627,16573.67546,15886.30399,15526.24808,16605.74529,16583.64529,16862.64196,17139.95824,..
GDP per person employed (constant 2021 PPP $),SL.GDP.PCAP.EM.KD,Niger,NER,..,2901.719759,4045.847634,4096.788029,4236.724752,4330.930391,4217.037851,3992.989922,4112.318692,4020.642675,4260.915715,..
GDP per person employed (constant 2021 PPP $),SL.GDP.PCAP.EM.KD,Nigeria,NGA,..,10851.84056,19790.28858,19436.16749,19284.62502,19181.35691,17925.43843,17376.18079,17087.20356,16753.70634,16929.65713,..
GDP per person employed (constant 2021 PPP $),SL.GDP.PCAP.EM.KD,North Macedonia,MKD,..,43777.41352,59619.39489,59508.84738,60516.71752,60065.28123,58273.57646,61552.66896,60893.40599,62942.38272,63535.0796,..
GDP per person employed (constant 2021 PPP $),SL.GDP.PCAP.EM.KD,Northern Mariana Islands,MNP,..,..,..,..,..,..,..,..,..,..,..,..
GDP per person employed (constant 2021 PPP $),SL.GDP.PCAP.EM.KD,Norway,NOR,..,150437.394,165536.9606,168537.1353,167252.5973,167315.7724,165670.3657,170646.378,171413.1987,169681.7279,171995.5148,..
GDP per person employed (constant 2021 PPP $),SL.GDP.PCAP.EM.KD,Oman,OMN,..,123624.5151,75287.47218,72228.44828,72419.09781,73700.49066,78813.69115,81866.68767,81695.13917,76398.12346,73788.95184,..
GDP per person employed (constant 2021 PPP $),SL.GDP.PCAP.EM.KD,Pakistan,PAK,..,12428.27409,15772.20141,16463.82195,17412.91971,17420.00067,17040.10473,17411.97692,17760.8002,17341.16596,17573.02952,..
GDP per person employed (constant 2021 PPP $),SL.GDP.PCAP.EM.KD,Palau,PLW,..,..,..,..,..,..,..,..,..,..,..,..
GDP per person employed (constant 2021 PPP $),SL.GDP.PCAP.EM.KD,Panama,PAN,..,36463.52521,67423.33914,70613.04065,69934.96043,70487.59872,64448.61172,74146.62917,74857.4165,78854.45101,79813.30369,..
GDP per person employed (constant 2021 PPP $),SL.GDP.PCAP.EM.KD,Papua New Guinea,PNG,..,11772.39163,13658.75025,13668.30046,13155.1743,13293.85152,12609.0294,12100.39667,12377.04075,12560.34389,12741.97335,..
GDP per person employed (constant 2021 PPP $),SL.GDP.PCAP.EM.KD,Paraguay,PRY,..,25647.82864,31894.75514,32660.97008,32801.50054,32048.68598,32634.55896,32561.06513,32622.48019,33339.9265,34432.39104,..
GDP per person employed (constant 2021 PPP $),SL.GDP.PCAP.EM.KD,Peru,PER,..,18790.90816,28238.22761,27778.80296,28058.8627,27921.33301,28555.74579,29901.95126,29015.89976,29314.09108,29844.46419,..
GDP per person employed (constant 2021 PPP $),SL.GDP.PCAP.EM.KD,Philippines,PHL,..,13223.91455,20231.55173,22012.76815,22946.56067,23665.95802,22857.16773,23200.71389,22362.27187,23081.71799,23954.48777,..
GDP per person employed (constant 2021 PPP $),SL.GDP.PCAP.EM.KD,Poland,POL,..,48825.76767,71582.22164,73986.80839,77897.197,81204.20754,80578.34134,85539.69484,89476.11771,89294.82524,92967.99604,..
GDP per person employed (constant 2021 PPP $),SL.GDP.PCAP.EM.KD,Portugal,PRT,..,71716.98444,82073.68953,82138.07965,82674.52615,84215.31351,79272.13193,83953.00555,87040.61676,87581.50324,88558.81391,..
GDP per person employed (constant 2021 PPP $),SL.GDP.PCAP.EM.KD,Puerto Rico (US),PRI,..,118313.1183,147685.5328,143588.8207,137701.3945,136906.8659,129685.6882,122346.4585,122797.2257,122557.0907,124397.5163,..
GDP per person employed (constant 2021 PPP $),SL.GDP.PCAP.EM.KD,Qatar,QAT,..,148657.7823,159274.0631,152662.1335,152786.363,151626.3633,140048.6137,160400.0203,154792.9669,157134.574,149894.6818,..
GDP per person employed (constant 2021 PPP $),SL.GDP.PCAP.EM.KD,Romania,ROU,..,38421.68847,74724.45732,79193.395,83437.51065,86737.34287,85163.67519,90313.15003,94085.07152,97627.35497,98712.96299,..
GDP per person employed (constant 2021 PPP $),SL.GDP.PCAP.EM.KD,Russian Federation,RUS,..,44758.34069,72390.65625,73966.09919,75874.12456,78207.37712,77550.23993,80919.06282,79314.0481,81675.96339,85015.17882,..
GDP per person employed (constant 2021 PPP $),SL.GDP.PCAP.EM.KD,Rwanda,RWA,..,3459.734145,7331.97331,7419.450999,7728.493392,8520.968825,7497.647173,9088.217781,9154.776243,8815.425145,9253.453647,..
GDP per person employed (constant 2021 PPP $),SL.GDP.PCAP.EM.KD,Samoa,WSM,..,14531.39933,22452.61727,22707.61489,23074.61551,24734.16809,24955.90991,24348.40696,25371.84785,29177.70697,30471.47713,..
GDP per person employed (constant 2021 PPP $),SL.GDP.PCAP.EM.KD,San Marino,SMR,..,..,..,..,..,..,..,..,..,..,..,..
GDP per person employed (constant 2021 PPP $),SL.GDP.PCAP.EM.KD,Sao Tome and Principe,STP,..,32531.25248,42722.35557,43234.20531,44243.22747,44346.49012,45779.14488,44843.51074,42990.46126,42095.54997,41521.61913,..
GDP per person employed (constant 2021 PPP $),SL.GDP.PCAP.EM.KD,Saudi Arabia,SAU,..,193948.8087,133235.4931,139472.1211,147831.4554,146096.6487,133717.5526,141331.5506,148001.8485,135453.0645,131027.2564,..
GDP per person employed (constant 2021 PPP $),SL.GDP.PCAP.EM.KD,Senegal,SEN,..,11259.99138,13381.12005,15063.61017,14600.4037,13972.70022,13749.37076,13883.45549,13771.23014,13907.23926,14316.8501,..
GDP per person employed (constant 2021 PPP $),SL.GDP.PCAP.EM.KD,Serbia,SRB,..,27266.53607,49119.96429,48949.50948,50664.3963,51858.74781,51585.13621,53930.03255,55088.50616,56381.97865,57205.1215,..
GDP per person employed (constant 2021 PPP $),SL.GDP.PCAP.EM.KD,Seychelles,SYC,..,..,..,..,..,..,..,..,..,..,..,..
GDP per person employed (constant 2021 PPP $),SL.GDP.PCAP.EM.KD,Sierra Leone,SLE,..,5696.035202,8783.300149,8863.137922,8927.354595,9158.796108,8892.657253,9094.086271,9251.775047,9499.781812,9639.782913,..
GDP per person employed (constant 2021 PPP $),SL.GDP.PCAP.EM.KD,Singapore,SGP,..,133638.8197,192039.2865,201366.3257,206940.0187,204683.223,200255.4826,224002.6924,225785.2172,219191.6755,223022.289,..
GDP per person employed (constant 2021 PPP $),SL.GDP.PCAP.EM.KD,Sint Maarten (Dutch part),SXM,..,..,..,..,..,..,..,..,..,..,..,..
GDP per person employed (constant 2021 PPP $),SL.GDP.PCAP.EM.KD,Slovak Republic,SVK,..,47000.88248,74439.81296,75449.14749,77409.0458,78732.84311,78329.16922,81372.35693,80160.83822,81590.29381,83129.77863,..
GDP per person employed (constant 2021 PPP $),SL.GDP.PCAP.EM.KD,Slovenia,SVN,..,66744.16846,89150.60845,89672.87836,91292.69132,94110.09355,91083.48122,97320.36928,97762.58236,100825.0224,102210.5928,..
GDP per person employed (constant 2021 PPP $),SL.GDP.PCAP.EM.KD,Solomon Islands,SLB,..,4865.723835,5376.465496,5326.888174,5262.68728,5189.759451,4933.572652,4758.002944,4507.004075,4496.702907,4495.075648,..
GDP per person employed (constant 2021 PPP $),SL.GDP.PCAP.EM.KD,"Somalia, Fed. Rep.",SOM,..,4816.400785,9497.111884,10446.49333,10304.64615,10212.91228,9703.228578,9684.726499,9509.527377,9565.802069,9603.920236,..
GDP per person employed (constant 2021 PPP $),SL.GDP.PCAP.EM.KD,South Africa,ZAF,..,38857.88714,50336.10738,50294.55662,50033.63045,50027.05025,50731.57589,54304.16843,52339.78594,49595.87019,48752.09593,..
GDP per person employed (constant 2021 PPP $),SL.GDP.PCAP.EM.KD,South Sudan,SSD,..,..,..,..,..,..,..,..,..,..,..,..
GDP per person employed (constant 2021 PPP $),SL.GDP.PCAP.EM.KD,Spain,ESP,..,102839.0285,111018.7565,111039.894,111147.6405,110743.212,101656.7945,105480.4554,108027.3157,107873.5756,108590.2705,..
GDP per person employed (constant 2021 PPP $),SL.GDP.PCAP.EM.KD,Sri Lanka,LKA,..,17177.00608,35636.01611,37122.96791,39219.2583,38492.30461,37906.49199,39270.69838,36097.50046,37071.51447,37900.06566,..
GDP per person employed (constant 2021 PPP $),SL.GDP.PCAP.EM.KD,St. Kitts and Nevis,KNA,..,..,..,..,..,..,..,..,..,..,..,..
GDP per person employed (constant 2021 PPP $),SL.GDP.PCAP.EM.KD,St. Lucia,LCA,..,52028.45217,49230.60413,49879.47329,50613.85926,48398.76501,52493.07417,44990.67501,48273.98524,47279.26542,47999.68908,..
GDP per person employed (constant 2021 PPP $),SL.GDP.PCAP.EM.KD,St. Martin (French part),MAF,..,..,..,..,..,..,..,..,..,..,..,..
GDP per person employed (constant 2021 PPP $),SL.GDP.PCAP.EM.KD,St. Vincent and the Grenadines,VCT,..,28458.28125,36540.63413,37127.30473,38321.06021,38761.41131,38396.19249,39103.37733,39533.92727,41132.29802,42666.27009,..
GDP per person employed (constant 2021 PPP $),SL.GDP.PCAP.EM.KD,Sudan,SDN,..,18724.53449,19533.6518,19158.73365,18157.54801,17437.85696,16868.67089,16197.45622,15276.64788,..,..,..
GDP per person employed (constant 2021 PPP $),SL.GDP.PCAP.EM.KD,Suriname,SUR,..,58866.52307,59232.31242,59194.05389,60971.00921,60708.01506,54441.81989,51693.86701,51707.79807,51933.31646,51861.80528,..
GDP per person employed (constant 2021 PPP $),SL.GDP.PCAP.EM.KD,Sweden,SWE,..,101007.4169,122019.0493,121924.1393,122104.5039,124513.7134,123917.9445,130159.3058,127924.4093,126231.8149,127938.9529,..
GDP per person employed (constant 2021 PPP $),SL.GDP.PCAP.EM.KD,Switzerland,CHE,..,124483.9859,139096.1777,139845.2539,142685.2457,143411.1669,140669.8133,148248.3065,151549.1482,149598.3523,150728.7714,..
GDP per person employed (constant 2021 PPP $),SL.GDP.PCAP.EM.KD,Syrian Arab Republic,SYR,..,29183.10077,25826.90373,25152.9077,24434.99238,23040.79055,23254.70247,22285.35876,20211.15582,..,..,..
GDP per person employed (constant 2021 PPP $),SL.GDP.PCAP.EM.KD,Tajikistan,TJK,..,4485.516571,13476.1692,14372.78972,15457.03942,16598.94321,17237.11931,18358.28701,18899.5507,19890.21637,20931.9738,..
GDP per person employed (constant 2021 PPP $),SL.GDP.PCAP.EM.KD,Tanzania,TZA,..,3850.282167,6796.213686,6979.917417,7108.029164,7274.900771,7261.760418,7248.516009,7305.317918,7430.861544,7595.358453,..
GDP per person employed (constant 2021 PPP $),SL.GDP.PCAP.EM.KD,Thailand,THA,..,21428.33085,34706.25736,36301.27634,37364.43973,38366.15696,35914.62079,36345.69133,36892.93275,37074.51836,38288.90965,..
GDP per person employed (constant 2021 PPP $),SL.GDP.PCAP.EM.KD,Timor-Leste,TLS,..,9806.467981,11514.01651,10739.80887,10308.05732,12491.07137,16084.65528,16285.04181,12523.51405,10044.17888,8920.755128,..
GDP per person employed (constant 2021 PPP $),SL.GDP.PCAP.EM.KD,Togo,TGO,..,6721.844248,7340.784945,7495.244048,7582.935929,7680.973041,7724.35855,7869.697114,8068.591916,8324.172785,8625.977469,..
GDP per person employed (constant 2021 PPP $),SL.GDP.PCAP.EM.KD,Tonga,TON,..,16747.40901,19521.5189,20280.02143,20448.43546,20484.62813,21323.5058,21181.07358,21018.30551,21944.51669,..,..
GDP per person employed (constant 2021 PPP $),SL.GDP.PCAP.EM.KD,Trinidad and Tobago,TTO,..,47848.40037,74268.80833,71063.08712,70566.52348,71023.25572,67309.5196,67953.82048,67533.9646,66442.91572,69121.50178,..
GDP per person employed (constant 2021 PPP $),SL.GDP.PCAP.EM.KD,Tunisia,TUN,..,32066.60062,42287.39255,42959.22093,42754.8526,42968.1278,42585.62112,43981.96594,42974.63562,43076.81015,43673.31315,..
GDP per person employed (constant 2021 PPP $),SL.GDP.PCAP.EM.KD,Turkiye,TUR,..,45584.20682,74788.58397,78129.18903,79009.08837,81669.73251,87565.29626,91634.50872,90689.44986,92879.60811,93114.94781,..
GDP per person employed (constant 2021 PPP $),SL.GDP.PCAP.EM.KD,Turkmenistan,TKM,..,17319.25409,46498.33857,48828.508,51159.09183,53698.83417,57863.54338,60240.83951,61871.12589,64867.41459,67321.32395,..
GDP per person employed (constant 2021 PPP $),SL.GDP.PCAP.EM.KD,Turks and Caicos Islands,TCA,..,..,..,..,..,..,..,..,..,..,..,..
GDP per person employed (constant 2021 PPP $),SL.GDP.PCAP.EM.KD,Tuvalu,TUV,..,..,..,..,..,..,..,..,..,..,..,..
GDP per person employed (constant 2021 PPP $),SL.GDP.PCAP.EM.KD,Uganda,UGA,..,4154.33214,6801.545316,6913.335144,6730.038412,6622.042646,6516.146517,6342.847857,6295.173469,6399.539344,6557.700127,..
GDP per person employed (constant 2021 PPP $),SL.GDP.PCAP.EM.KD,Ukraine,UKR,..,24980.68558,34764.10612,35835.7324,36994.84417,38113.50342,38230.10905,40308.33593,..,..,..,..
GDP per person employed (constant 2021 PPP $),SL.GDP.PCAP.EM.KD,United Arab Emirates,ARE,..,165450.1894,117888.5895,113429.3035,112814.7141,112569.2058,106218.5553,110017.4704,111830.2398,109489.5069,108203.1553,..
GDP per person employed (constant 2021 PPP $),SL.GDP.PCAP.EM.KD,United Kingdom,GBR,..,91814.19809,103399.447,105575.9262,105985.0613,106175.2365,96172.8987,105285.801,108290.9501,107342.1371,107932.0434,..
GDP per person employed (constant 2021 PPP $),SL.GDP.PCAP.EM.KD,United States,USA,..,109932.2511,135265.2578,136420.1856,138621.236,140253.5752,145799.8954,149654.6668,148654.1204,150436.4451,153543.9642,..
GDP per person employed (constant 2021 PPP $),SL.GDP.PCAP.EM.KD,Uruguay,URY,..,47163.2869,62339.53873,63606.25341,64121.0225,64950.75945,63301.58348,64064.63723,65393.96483,64534.03794,65702.2392,..
GDP per person employed (constant 2021 PPP $),SL.GDP.PCAP.EM.KD,Uzbekistan,UZB,..,10789.20723,20490.7216,21240.11396,21983.79614,23018.69009,23623.16944,24978.37608,25106.905,26234.7126,27508.08985,..
GDP per person employed (constant 2021 PPP $),SL.GDP.PCAP.EM.KD,Vanuatu,VUT,..,8312.845628,9649.888966,9980.38518,10169.7381,10392.00169,9597.073588,9256.437795,9500.945524,9440.453813,9276.378112,..
GDP per person employed (constant 2021 PPP $),SL.GDP.PCAP.EM.KD,"Venezuela, RB",VEN,..,..,..,..,..,..,..,..,..,..,..,..
GDP per person employed (constant 2021 PPP $),SL.GDP.PCAP.EM.KD,Viet Nam,VNM,..,8850.581771,17000.21478,17973.37956,18936.43948,20457.73042,21529.54999,22082.43202,23275.24787,24513.22036,26090.74248,..
GDP per person employed (constant 2021 PPP $),SL.GDP.PCAP.EM.KD,Virgin Islands (U.S.),VIR,..,..,104299.5197,101192.5727,110359.8406,118933.4107,120072.69,121206.5456,116146.4635,..,..,..
GDP per person employed (constant 2021 PPP $),SL.GDP.PCAP.EM.KD,West Bank and Gaza,PSE,..,23910.7407,32293.588,32602.32106,32800.38161,31366.60179,29457.4871,29095.48116,27595.53935,..,..,..
GDP per person employed (constant 2021 PPP $),SL.GDP.PCAP.EM.KD,"Yemen, Rep.",YEM,..,..,..,..,..,..,..,..,..,..,..,..
GDP per person employed (constant 2021 PPP $),SL.GDP.PCAP.EM.KD,Zambia,ZMB,..,8239.01788,11736.85603,11640.96039,11757.58147,11353.08626,10463.77794,10766.44631,11129.22399,10849.81483,10873.56569,..
GDP per person employed (constant 2021 PPP $),SL.GDP.PCAP.EM.KD,Zimbabwe,ZWE,..,17147.60207,14458.08611,14933.74592,15446.80385,14261.17954,13252.38283,14037.1379,14711.60545,14471.89171,14380.924,..
GDP per person employed (constant 2021 PPP $),SL.GDP.PCAP.EM.KD,Africa Eastern and Southern,AFE,..,9035.466021,11545.85603,11638.87476,11669.94991,11647.7903,11247.98377,11454.84612,11414.10885,11235.94212,11293.01662,..
GDP per person employed (constant 2021 PPP $),SL.GDP.PCAP.EM.KD,Africa Western and Central,AFW,..,9699.657321,15397.91344,15384.20195,15415.55073,15500.86278,14785.68166,14572.90784,14466.0484,14375.22579,14577.3251,..
GDP per person employed (constant 2021 PPP $),SL.GDP.PCAP.EM.KD,Arab World,ARB,..,53473.07719,62455.20505,63517.47915,64708.37426,64961.95268,63326.36932,64239.17305,65050.15419,70384.0334,70453.45755,..
GDP per person employed (constant 2021 PPP $),SL.GDP.PCAP.EM.KD,Caribbean small states,CSS,..,46001.37781,57070.92692,55789.74486,55665.98562,55989.52819,56857.00799,58616.95021,64860.41321,70008.37572,81015.41418,..
GDP per person employed (constant 2021 PPP $),SL.GDP.PCAP.EM.KD,Central Europe and the Baltics,CEB,..,48176.08991,74163.16508,76620.76105,79791.84258,82712.66985,81290.86923,86527.86823,88947.5355,89294.46379,91466.86716,..
GDP per person employed (constant 2021 PPP $),SL.GDP.PCAP.EM.KD,Early-demographic dividend,EAR,..,17167.57642,26852.51936,27738.68327,28469.40505,28668.52896,28092.791,29090.43542,29537.56,30084.16897,30671.21447,..
GDP per person employed (constant 2021 PPP $),SL.GDP.PCAP.EM.KD,East Asia & Pacific,EAS,..,16412.48627,34953.85307,36728.34126,38383.42147,39969.68491,40748.12645,42542.19098,43893.19283,45266.79491,47178.14393,..
GDP per person employed (constant 2021 PPP $),SL.GDP.PCAP.EM.KD,East Asia & Pacific (excluding high income),EAP,..,9196.890775,27795.48833,29551.99882,31286.16297,33027.24496,34012.57402,35713.26163,37077.07165,38522.5312,40496.37796,..
GDP per person employed (constant 2021 PPP $),SL.GDP.PCAP.EM.KD,East Asia & Pacific (IDA & IBRD countries),TEA,..,9196.890775,27795.48833,29551.99882,31286.16297,33027.24496,34012.57402,35713.26163,37077.07165,38522.5312,40496.37796,..
GDP per person employed (constant 2021 PPP $),SL.GDP.PCAP.EM.KD,Euro area,EMU,..,108936.8489,118997.0695,120306.2833,120608.1629,121212.4324,115525.4851,121581.8456,123130.9739,122134.9939,122563.4996,..
GDP per person employed (constant 2021 PPP $),SL.GDP.PCAP.EM.KD,Europe & Central Asia,ECS,..,71855.05651,89153.40766,90922.66214,92105.63381,93594.75791,90727.85328,95748.87637,99194.82778,99509.3688,100789.8332,..
GDP per person employed (constant 2021 PPP $),SL.GDP.PCAP.EM.KD,Europe & Central Asia (excluding high income),ECA,..,27239.67729,48517.20926,50517.44029,51722.45232,53155.71356,54344.1381,57665.42783,61918.77833,63933.12033,65242.39492,..
GDP per person employed (constant 2021 PPP $),SL.GDP.PCAP.EM.KD,Europe & Central Asia (IDA & IBRD countries),TEC,..,36637.49578,60772.63644,62661.49029,64441.5654,66409.61629,66644.516,70233.44495,73192.04318,75127.66634,77362.97978,..
GDP per person employed (constant 2021 PPP $),SL.GDP.PCAP.EM.KD,European Union,EUU,..,96864.24783,110401.372,111911.8428,112874.6967,114051.26,109382.7585,115333.2472,117042.7264,116326.061,117209.3401,..
GDP per person employed (constant 2021 PPP $),SL.GDP.PCAP.EM.KD,Fragile and conflict affected situations,FCS,..,10876.519,15290.37546,15379.47892,15496.69228,15632.34481,14735.69169,14598.16242,12997.17361,12684.75425,12601.84897,..
GDP per person employed (constant 2021 PPP $),SL.GDP.PCAP.EM.KD,Heavily indebted poor countries (HIPC),HPC,..,5840.10376,8130.622382,8337.477709,8437.586824,8566.591698,8444.413837,8503.303121,8555.760075,8476.075514,8621.408991,..
GDP per person employed (constant 2021 PPP $),SL.GDP.PCAP.EM.KD,High income,HIC,..,90249.32455,108701.9474,110077.7779,111397.4577,112427.618,110998.6865,115833.0128,116418.2235,116627.8162,118095.4829,..
GDP per person employed (constant 2021 PPP $),SL.GDP.PCAP.EM.KD,IBRD only,IBD,..,16571.92327,32646.30556,34033.51897,35329.70463,36323.21589,36631.18327,38013.86385,38712.33211,39738.0805,41041.90914,..
GDP per person employed (constant 2021 PPP $),SL.GDP.PCAP.EM.KD,IDA & IBRD total,IBT,..,14983.4445,28192.69382,29279.57127,30302.86184,31074.85283,31086.49956,32197.60057,32626.17938,33476.06497,34545.00077,..
GDP per person employed (constant 2021 PPP $),SL.GDP.PCAP.EM.KD,IDA blend,IDB,..,11771.1217,17096.22674,17344.86633,17746.52011,17871.90237,17181.52495,17221.37925,17265.29457,17096.16432,17346.60208,..
GDP per person employed (constant 2021 PPP $),SL.GDP.PCAP.EM.KD,IDA only,IDX,..,6275.701314,10124.89092,10432.06507,10699.97955,10999.62717,10877.9009,11004.28442,11071.17061,11060.75751,11362.29144,..
GDP per person employed (constant 2021 PPP $),SL.GDP.PCAP.EM.KD,IDA total,IDA,..,8219.024119,12691.90337,12954.93442,13254.01524,13488.57049,13154.26456,13273.90914,13342.06899,13338.20986,13652.61001,..
GDP per person employed (constant 2021 PPP $),SL.GDP.PCAP.EM.KD,Late-demographic dividend,LTE,..,15949.73854,36261.23629,38002.95731,39833.05195,41639.14123,42730.97033,44591.28323,45992.22862,47496.18405,49646.66517,..
GDP per person employed (constant 2021 PPP $),SL.GDP.PCAP.EM.KD,Latin America & Caribbean,LCN,..,37806.01921,42620.46303,42839.13628,42716.95727,42235.07819,42663.14879,42948.63765,42651.76416,42789.28803,42983.09743,..
GDP per person employed (constant 2021 PPP $),SL.GDP.PCAP.EM.KD,Latin America & Caribbean (excluding high income),LAC,..,36840.80196,41056.04392,41303.07516,41171.06966,40675.03408,41031.96067,41162.5832,40875.80004,40982.03412,41087.53322,..
GDP per person employed (constant 2021 PPP $),SL.GDP.PCAP.EM.KD,Latin America & the Caribbean (IDA & IBRD countries),TLA,..,37262.20672,42184.34484,42426.64085,42333.22771,41851.5123,42282.59847,42595.72651,42302.39618,42455.25294,42641.81993,..
GDP per person employed (constant 2021 PPP $),SL.GDP.PCAP.EM.KD,Least developed countries: UN classification,LDC,..,5569.328463,9601.520055,9839.490604,10064.54948,10351.98267,10233.69462,10273.54113,10383.49325,10427.36316,10664.61297,..
GDP per person employed (constant 2021 PPP $),SL.GDP.PCAP.EM.KD,Low & middle income,LMY,..,13591.67592,26622.68109,27709.10053,28706.79773,29453.32154,29494.35388,30528.19962,31014.49395,31864.53204,32895.57378,..
GDP per person employed (constant 2021 PPP $),SL.GDP.PCAP.EM.KD,Low income,LIC,..,5891.352278,6999.577953,7015.394111,6996.355252,6981.395967,6778.747217,6624.660532,6550.153795,5615.304433,5457.033591,..
GDP per person employed (constant 2021 PPP $),SL.GDP.PCAP.EM.KD,Lower middle income,LMC,..,10323.89937,19302.78408,20077.47825,20851.62763,21246.97468,20599.35333,21144.96957,21503.02545,22099.40989,22704.61386,..
GDP per person employed (constant 2021 PPP $),SL.GDP.PCAP.EM.KD,"Middle East, North Africa, Afghanistan & Pakistan",MEA,..,39742.60926,47186.16776,48029.74386,48858.28536,48794.77147,48086.81595,48862.39455,50162.9885,50179.70349,51824.26132,..
GDP per person employed (constant 2021 PPP $),SL.GDP.PCAP.EM.KD,"Middle East, North Africa, Afghanistan & Pakistan (excluding high income)",MNA,..,28500.81447,34558.93124,35524.37451,36050.21394,36026.42432,36000.54362,36196.4818,36774.77991,37130.63294,38629.1101,..
GDP per person employed (constant 2021 PPP $),SL.GDP.PCAP.EM.KD,"Middle East, North Africa, Afghanistan & Pakistan (IDA & IBRD)",TMN,..,28522.71363,34570.47907,35539.26934,36066.742,36051.05749,36033.69797,36234.18019,36826.71837,37130.63294,38629.1101,..
GDP per person employed (constant 2021 PPP $),SL.GDP.PCAP.EM.KD,Middle income,MIC,..,13976.8869,27816.49275,28988.73176,30080.34396,30902.33953,31023.49374,32131.58632,32697.30316,33529.50693,34590.53283,..
GDP per person employed (constant 2021 PPP $),SL.GDP.PCAP.EM.KD,North America,NAC,..,108827.2238,132460.8975,133576.6419,135638.2582,137045.2364,142049.3221,145559.8394,144568.9928,145881.5956,148655.1309,..
GDP per person employed (constant 2021 PPP $),SL.GDP.PCAP.EM.KD,Not classified,INX,..,..,..,..,..,..,..,..,..,..,..,..
GDP per person employed (constant 2021 PPP $),SL.GDP.PCAP.EM.KD,OECD members,OED,..,90223.18293,103880.6047,105033.7847,105899.7967,106615.9677,106090.7286,109806.2236,110132.408,110200.4928,111219.4191,..
GDP per person employed (constant 2021 PPP $),SL.GDP.PCAP.EM.KD,Other small states,OSS,..,48750.45346,55801.74725,56964.6454,57788.81547,58667.89744,56743.85898,59856.85908,59395.51254,59008.81285,62620.19915,..
GDP per person employed (constant 2021 PPP $),SL.GDP.PCAP.EM.KD,Pacific island small states,PSS,..,15626.32595,17847.36866,18372.95176,18671.32797,18509.54686,16394.27439,15507.9291,16780.88053,17838.77565,17938.07534,..
GDP per person employed (constant 2021 PPP $),SL.GDP.PCAP.EM.KD,Post-demographic dividend,PST,..,95358.84929,112738.7551,114021.8566,114991.6717,115708.501,114119.0886,118913.3318,122216.6522,122592.1777,123933.0678,..
GDP per person employed (constant 2021 PPP $),SL.GDP.PCAP.EM.KD,Pre-demographic dividend,PRE,..,9204.121134,13570.23147,13495.42759,13468.54366,13517.57157,12759.63033,12544.14512,12537.75602,12407.82282,12511.30007,..
GDP per person employed (constant 2021 PPP $),SL.GDP.PCAP.EM.KD,Small states,SST,..,43755.51196,51392.40451,51906.12757,52471.07825,53146.35299,51753.26085,54072.06353,55392.33965,56473.63459,61355.4811,..
GDP per person employed (constant 2021 PPP $),SL.GDP.PCAP.EM.KD,South Asia,SAS,..,8732.076115,19542.81428,20459.01538,21462.11116,21797.9767,20945.42985,21844.93577,22323.59385,23344.25665,24161.44795,..
GDP per person employed (constant 2021 PPP $),SL.GDP.PCAP.EM.KD,South Asia (IDA & IBRD),TSA,..,8732.076115,19542.81428,20459.01538,21462.11116,21797.9767,20945.42985,21844.93577,22323.59385,23344.25665,24161.44795,..
GDP per person employed (constant 2021 PPP $),SL.GDP.PCAP.EM.KD,Sub-Saharan Africa,SSF,..,9323.067513,13200.30458,13248.8753,13279.93894,13306.7365,12770.16168,12804.99957,12742.36017,12635.76539,12756.82744,..
GDP per person employed (constant 2021 PPP $),SL.GDP.PCAP.EM.KD,Sub-Saharan Africa (excluding high income),SSA,..,10223.89846,14307.03115,14300.80345,14281.73998,14246.38515,13574.0672,13569.82913,13486.91514,13351.68297,13451.09518,..
GDP per person employed (constant 2021 PPP $),SL.GDP.PCAP.EM.KD,Sub-Saharan Africa (IDA & IBRD countries),TSS,..,9323.067513,13200.30458,13248.8753,13279.93894,13306.7365,12770.16168,12804.99957,12742.36017,12635.76539,12756.82744,..
GDP per person employed (constant 2021 PPP $),SL.GDP.PCAP.EM.KD,Upper middle income,UMC,..,16503.66395,34579.03919,36133.96692,37554.44492,38856.30682,39823.25032,41485.04434,42742.08941,43966.14834,45661.81618,..
GDP per person employed (constant 2021 PPP $),SL.GDP.PCAP.EM.KD,World,WLD,..,30545.69084,43256.53419,44412.05132,45464.76682,46216.11066,45841.67568,47389.61211,47956.14253,48627.44041,49691.79396,..
,,,,,,,,,,,,,,,
,,,,,,,,,,,,,,,
,,,,,,,,,,,,,,,
Data from database: World Development Indicators,,,,,,,,,,,,,,,
Last Updated: 02/24/2026,,,,,,,,,,,,,,,
